,t_exec,nodesExpanded,heuristicoFinal
0,2457,100,346.3252130798569
1,2047,92,375.8638305358035
2,1754,76,397.3845035319616
