,t_exec,nodesExpanded,heuristicoFinal
0,2530,107,336.090010369695
1,2053,90,349.25044100209635
2,2022,93,330.950718288699
