nodesExpanded	Heuristico final	Texec	nodesExpanded.1	Heuristico final.1	Texec.1	nodesExpanded.2	Heuristico final.2	Texec.2	nodesExpanded.3	Heuristico final.3	Texec.3
88	1330.3441026033618	4758	66	1293.2870457605234	3829	77	1319.3588958456573	4109	93	1325.245432248548	4918
89	1319.9197485894806	4855	83	1308.5480845733005	4851	90	1284.8389187415798	4895	76	1287.865021271565	4026
82	1554.2265328564376	4356	77	1572.9818304748048	4217	86	1532.3423971643954	4794	79	1511.412767752718	4212
82	1521.6153062526869	4265	72	1519.565836540086	3974	83	1536.7267739229455	4434	74	1539.5129840898828	4117
